Original audio file,New audio file,Sentence
core50-01-01.mp3,core50-01-01__The_cat_sat.mp3,The cat sat.
core50-01-02.mp3,core50-01-02__The_rat_sat.mp3,The rat sat.
core50-01-03.mp3,core50-01-03__Pat_sat.mp3,Pat sat.
core50-02-01.mp3,core50-02-01__The_man_ran.mp3,The man ran.
core50-02-02.mp3,core50-02-02__The_cat_ran.mp3,The cat ran.
core50-02-03.mp3,core50-02-03__Pat_can_pat_the_cat.mp3,Pat can pat the cat.
core50-03-01.mp3,core50-03-01__Dad_had_the_hat.mp3,Dad had the hat.
core50-03-02.mp3,core50-03-02__The_man_had_the_mat.mp3,The man had the mat.
core50-03-03.mp3,core50-03-03__Dad_can_pat_the_cat.mp3,Dad can pat the cat.
core50-04-01.mp3,core50-04-01__Dad_can_nap.mp3,Dad can nap.
core50-04-02.mp3,core50-04-02__Pat_can_tap_the_cap.mp3,Pat can tap the cap.
core50-04-03.mp3,core50-04-03__The_cat_can_nap.mp3,The cat can nap.
core50-05-01.mp3,core50-05-01__Dad_had_the_bag.mp3,Dad had the bag.
core50-05-02.mp3,core50-05-02__The_man_had_the_tag.mp3,The man had the tag.
core50-05-03.mp3,core50-05-03__Dad_had_the_rag.mp3,Dad had the rag.
core50-06-01.mp3,core50-06-01__The_hat_is_red.mp3,The hat is red.
core50-06-02.mp3,core50-06-02__The_cat_is_fed.mp3,The cat is fed.
core50-06-03.mp3,core50-06-03__Dad_had_the_red_bed.mp3,Dad had the red bed.
core50-07-01.mp3,core50-07-01__The_cat_is_wet.mp3,The cat is wet.
core50-07-02.mp3,core50-07-02__The_rat_is_the_pet.mp3,The rat is the pet.
core50-07-03.mp3,core50-07-03__Dad_can_get_the_net.mp3,Dad can get the net.
core50-08-01.mp3,core50-08-01__The_hen_is_wet.mp3,The hen is wet.
core50-08-02.mp3,core50-08-02__Dad_had_the_red_pen.mp3,Dad had the red pen.
core50-08-03.mp3,core50-08-03__The_hen_can_nap.mp3,The hen can nap.
core50-09-01.mp3,core50-09-01__Dad_can_sit.mp3,Dad can sit.
core50-09-02.mp3,core50-09-02__The_cat_can_sit.mp3,The cat can sit.
core50-09-03.mp3,core50-09-03__The_hat_can_fit.mp3,The hat can fit.
core50-10-01.mp3,core50-10-01__Dad_had_the_pin.mp3,Dad had the pin.
core50-10-02.mp3,core50-10-02__The_bin_is_red.mp3,The bin is red.
core50-10-03.mp3,core50-10-03__The_cat_can_win.mp3,The cat can win.
core50-11-01.mp3,core50-11-01__Dad_can_sip.mp3,Dad can sip.
core50-11-02.mp3,core50-11-02__The_man_can_zip_the_bag.mp3,The man can zip the bag.
core50-11-03.mp3,core50-11-03__Dad_can_dip_the_pen.mp3,Dad can dip the pen.
core50-12-01.mp3,core50-12-01__The_pig_is_big.mp3,The pig is big.
core50-12-02.mp3,core50-12-02__The_pig_can_dig.mp3,The pig can dig.
core50-12-03.mp3,core50-12-03__Dad_had_the_fig.mp3,Dad had the fig.
core50-13-01.mp3,core50-13-01__The_kid_hid.mp3,The kid hid.
core50-13-02.mp3,core50-13-02__Dad_had_the_lid.mp3,Dad had the lid.
core50-13-03.mp3,core50-13-03__The_kid_can_sit.mp3,The kid can sit.
core50-14-01.mp3,core50-14-01__The_pot_is_hot.mp3,The pot is hot.
core50-14-02.mp3,core50-14-02__The_cat_is_not_wet.mp3,The cat is not wet.
core50-14-03.mp3,core50-14-03__The_kid_had_the_cot.mp3,The kid had the cot.
core50-15-01.mp3,core50-15-01__The_pig_can_hop.mp3,The pig can hop.
core50-15-02.mp3,core50-15-02__Dad_can_mop.mp3,Dad can mop.
core50-15-03.mp3,core50-15-03__The_kid_can_stop.mp3,The kid can stop.
core50-16-01.mp3,core50-16-01__The_dog_can_jog.mp3,The dog can jog.
core50-16-02.mp3,core50-16-02__The_hog_is_big.mp3,The hog is big.
core50-16-03.mp3,core50-16-03__The_frog_can_hop.mp3,The frog can hop.
core50-17-01.mp3,core50-17-01__The_kid_can_sob.mp3,The kid can sob.
core50-17-02.mp3,core50-17-02__The_cob_is_hot.mp3,The cob is hot.
core50-17-03.mp3,core50-17-03__Dad_had_the_job.mp3,Dad had the job.
core50-18-01.mp3,core50-18-01__The_dog_can_run.mp3,The dog can run.
core50-18-02.mp3,core50-18-02__The_sun_is_hot.mp3,The sun is hot.
core50-18-03.mp3,core50-18-03__Dad_had_the_bun.mp3,Dad had the bun.
core50-19-01.mp3,core50-19-01__Dad_had_the_mug.mp3,Dad had the mug.
core50-19-02.mp3,core50-19-02__The_dog_dug.mp3,The dog dug.
core50-19-03.mp3,core50-19-03__The_bug_is_red.mp3,The bug is red.
core50-20-01.mp3,core50-20-01__The_hut_is_red.mp3,The hut is red.
core50-20-02.mp3,core50-20-02__The_lid_is_shut.mp3,The lid is shut.
core50-20-03.mp3,core50-20-03__The_pig_had_the_nut.mp3,The pig had the nut.
core50-21-01.mp3,core50-21-01__Dad_had_the_ham.mp3,Dad had the ham.
core50-21-02.mp3,core50-21-02__The_jam_is_red.mp3,The jam is red.
core50-21-03.mp3,core50-21-03__The_ram_can_run.mp3,The ram can run.
core50-22-01.mp3,core50-22-01__The_cub_is_wet.mp3,The cub is wet.
core50-22-02.mp3,core50-22-02__The_tub_is_red.mp3,The tub is red.
core50-22-03.mp3,core50-22-03__Dad_can_rub_the_lid.mp3,Dad can rub the lid.
core50-23-01.mp3,core50-23-01__The_rim_is_red.mp3,The rim is red.
core50-23-02.mp3,core50-23-02__The_kid_can_swim.mp3,The kid can swim.
core50-23-03.mp3,core50-23-03__The_pig_is_slim.mp3,The pig is slim.
core50-24-01.mp3,core50-24-01__Dad_had_the_gum.mp3,Dad had the gum.
core50-24-02.mp3,core50-24-02__The_kid_can_hum.mp3,The kid can hum.
core50-24-03.mp3,core50-24-03__The_drum_is_big.mp3,The drum is big.
core50-25-01.mp3,core50-25-01__The_bell_is_red.mp3,The bell is red.
core50-25-02.mp3,core50-25-02__The_kid_fell.mp3,The kid fell.
core50-25-03.mp3,core50-25-03__Dad_can_yell.mp3,Dad can yell.
core50-26-01.mp3,core50-26-01__Dad_can_fill_the_pot.mp3,Dad can fill the pot.
core50-26-02.mp3,core50-26-02__The_dog_is_still.mp3,The dog is still.
core50-26-03.mp3,core50-26-03__The_hill_is_big.mp3,The hill is big.
core50-27-01.mp3,core50-27-01__The_sack_is_black.mp3,The sack is black.
core50-27-02.mp3,core50-27-02__Dad_can_pack_the_bag.mp3,Dad can pack the bag.
core50-27-03.mp3,core50-27-03__The_snack_is_hot.mp3,The snack is hot.
core50-28-01.mp3,core50-28-01__The_chick_is_sick.mp3,The chick is sick.
core50-28-02.mp3,core50-28-02__The_kid_can_kick.mp3,The kid can kick.
core50-28-03.mp3,core50-28-03__The_dog_can_lick_the_lid.mp3,The dog can lick the lid.
core50-29-01.mp3,core50-29-01__The_sock_is_red.mp3,The sock is red.
core50-29-02.mp3,core50-29-02__Dad_can_lock_the_van.mp3,Dad can lock the van.
core50-29-03.mp3,core50-29-03__The_rock_is_big.mp3,The rock is big.
core50-30-01.mp3,core50-30-01__The_duck_is_wet.mp3,The duck is wet.
core50-30-02.mp3,core50-30-02__The_puck_is_black.mp3,The puck is black.
core50-30-03.mp3,core50-30-03__Dad_can_tuck_the_kid.mp3,Dad can tuck the kid.
core50-31-01.mp3,core50-31-01__The_kid_can_dash.mp3,The kid can dash.
core50-31-02.mp3,core50-31-02__Dad_can_mash_the_yam.mp3,Dad can mash the yam.
core50-31-03.mp3,core50-31-03__The_trash_is_wet.mp3,The trash is wet.
core50-32-01.mp3,core50-32-01__The_sand_is_hot.mp3,The sand is hot.
core50-32-02.mp3,core50-32-02__The_kid_can_stand.mp3,The kid can stand.
core50-32-03.mp3,core50-32-03__The_band_is_grand.mp3,The band is grand.
core50-33-01.mp3,core50-33-01__The_tent_is_big.mp3,The tent is big.
core50-33-02.mp3,core50-33-02__The_pin_is_bent.mp3,The pin is bent.
core50-33-03.mp3,core50-33-03__Dad_can_rent_the_van.mp3,Dad can rent the van.
core50-34-01.mp3,core50-34-01__The_hen_can_rest.mp3,The hen can rest.
core50-34-02.mp3,core50-34-02__The_nest_is_big.mp3,The nest is big.
core50-34-03.mp3,core50-34-03__The_pest_is_wet.mp3,The pest is wet.
core50-35-01.mp3,core50-35-01__The_bell_rang.mp3,The bell rang.
core50-35-02.mp3,core50-35-02__The_kid_sang.mp3,The kid sang.
core50-35-03.mp3,core50-35-03__Dad_can_hang_the_hat.mp3,Dad can hang the hat.
core50-36-01.mp3,core50-36-01__The_kid_can_sing.mp3,The kid can sing.
core50-36-02.mp3,core50-36-02__The_ring_is_red.mp3,The ring is red.
core50-36-03.mp3,core50-36-03__Dad_can_bring_the_bag.mp3,Dad can bring the bag.
core50-37-01.mp3,core50-37-01__The_tank_is_big.mp3,The tank is big.
core50-37-02.mp3,core50-37-02__The_kid_drank.mp3,The kid drank.
core50-37-03.mp3,core50-37-03__The_log_sank.mp3,The log sank.
core50-38-01.mp3,core50-38-01__The_sink_is_pink.mp3,The sink is pink.
core50-38-02.mp3,core50-38-02__Dad_can_wink.mp3,Dad can wink.
core50-38-03.mp3,core50-38-03__The_kid_can_drink.mp3,The kid can drink.
core50-39-01.mp3,core50-39-01__The_lamp_is_red.mp3,The lamp is red.
core50-39-02.mp3,core50-39-02__The_ramp_is_damp.mp3,The ramp is damp.
core50-39-03.mp3,core50-39-03__Dad_can_camp.mp3,Dad can camp.
core50-40-01.mp3,core50-40-01__The_frog_can_jump.mp3,The frog can jump.
core50-40-02.mp3,core50-40-02__The_stump_is_big.mp3,The stump is big.
core50-40-03.mp3,core50-40-03__Dad_can_pump.mp3,Dad can pump.
core50-41-01.mp3,core50-41-01__Dad_can_see_the_bee.mp3,Dad can see the bee.
core50-41-02.mp3,core50-41-02__The_tree_is_big.mp3,The tree is big.
core50-41-03.mp3,core50-41-03__The_bee_is_free.mp3,The bee is free.
core50-42-01.mp3,core50-42-01__The_hen_had_the_seed.mp3,The hen had the seed.
core50-42-02.mp3,core50-42-02__Dad_can_feed_the_pig.mp3,Dad can feed the pig.
core50-42-03.mp3,core50-42-03__The_weed_is_big.mp3,The weed is big.
core50-43-01.mp3,core50-43-01__The_sheep_can_sleep.mp3,The sheep can sleep.
core50-43-02.mp3,core50-43-02__The_pit_is_deep.mp3,The pit is deep.
core50-43-03.mp3,core50-43-03__Dad_can_keep_the_hat.mp3,Dad can keep the hat.
core50-44-01.mp3,core50-44-01__Dad_can_pay.mp3,Dad can pay.
core50-44-02.mp3,core50-44-02__The_hay_is_wet.mp3,The hay is wet.
core50-44-03.mp3,core50-44-03__The_day_is_hot.mp3,The day is hot.
core50-45-01.mp3,core50-45-01__The_wall_is_tall.mp3,The wall is tall.
core50-45-02.mp3,core50-45-02__Dad_can_call.mp3,Dad can call.
core50-45-03.mp3,core50-45-03__The_ball_can_fall.mp3,The ball can fall.
core50-46-01.mp3,core50-46-01__Dad_can_bake_the_cake.mp3,Dad can bake the cake.
core50-46-02.mp3,core50-46-02__The_lake_is_big.mp3,The lake is big.
core50-46-03.mp3,core50-46-03__The_snake_is_big.mp3,The snake is big.
core50-47-01.mp3,core50-47-01__The_gate_is_shut.mp3,The gate is shut.
core50-47-02.mp3,core50-47-02__The_plate_is_red.mp3,The plate is red.
core50-47-03.mp3,core50-47-03__Dad_is_late.mp3,Dad is late.
core50-48-01.mp3,core50-48-01__The_name_is_the_same.mp3,The name is the same.
core50-48-02.mp3,core50-48-02__The_game_is_fun.mp3,The game is fun.
core50-48-03.mp3,core50-48-03__The_flame_is_hot.mp3,The flame is hot.
core50-49-01.mp3,core50-49-01__The_pine_is_tall.mp3,The pine is tall.
core50-49-02.mp3,core50-49-02__The_line_is_fine.mp3,The line is fine.
core50-49-03.mp3,core50-49-03__Dad_is_fine.mp3,Dad is fine.
core50-50-01.mp3,core50-50-01__The_slide_is_wide.mp3,The slide is wide.
core50-50-02.mp3,core50-50-02__The_kid_can_hide.mp3,The kid can hide.
core50-50-03.mp3,core50-50-03__Dad_can_ride.mp3,Dad can ride.
